# Domain alias: preserve path/query when users hit the legacy .us host
https://fasmotorsports.us/*        https://www.fasmotorsports.com/:splat  301!
https://www.fasmotorsports.us/*    https://www.fasmotorsports.com/:splat  301!

# Legacy WordPress / WooCommerce product URLs → new Astro product detail routes
/product/2-4l-2-7l-snout-porting        /shop/2-4l-hellcat-billet-supercharger-snout  301!
/product/2-4l-2-7l-snout-porting/       /shop/2-4l-hellcat-billet-supercharger-snout  301!
/product/180-hellcat-thermostat         /shop/180-hellcat-thermostat  301!
/product/180-hellcat-thermostat/        /shop/180-hellcat-thermostat  301!
/product/2018-23-mustang-gt-ported-intake-manifold   /shop/mustang-gt-ported-intake-manifold  301!
/product/2018-23-mustang-gt-ported-intake-manifold/  /shop/mustang-gt-ported-intake-manifold  301!
/product/2018-23-mustang-gt-ported-intake-manifolds  /shop/mustang-gt-ported-intake-manifold  301!
/product/2018-23-mustang-gt-ported-intake-manifolds/ /shop/mustang-gt-ported-intake-manifold  301!
/product/boss-intake-manifold-porting    /shop/boss-intake-manifold-porting  301!
/product/boss-intake-manifold-porting/   /shop/boss-intake-manifold-porting  301!
/product/dodge-demon-charger-ported-intake-manifold   /shop/hemi-intake-manifold-porting-6-4l-6-1l-5-7l  301!
/product/dodge-demon-charger-ported-intake-manifold/  /shop/hemi-intake-manifold-porting-6-4l-6-1l-5-7l  301!
/product/dodge-demon-charger-ported-intake-manifolds  /shop/hemi-intake-manifold-porting-6-4l-6-1l-5-7l  301!
/product/dodge-demon-charger-ported-intake-manifolds/ /shop/hemi-intake-manifold-porting-6-4l-6-1l-5-7l  301!
/product/hellcat-supercharger-hub-kit    /shop/pulley-and-hub-kit  301!
/product/hellcat-supercharger-hub-kit/   /shop/pulley-and-hub-kit  301!
/product/hellcat-supercharger-hub-kit-with-billet-bolt   /shop/pulley-and-hub-kit  301!
/product/hellcat-supercharger-hub-kit-with-billet-bolt/  /shop/pulley-and-hub-kit  301!
/product/hellcat-supercharger-hub-kit-upgraded-pulley-ring   /shop/pulley-and-hub-kit  301!
/product/hellcat-supercharger-hub-kit-upgraded-pulley-ring/  /shop/pulley-and-hub-kit  301!
/product/hellcat-supercharger-race-ported-throttle-body   /shop/hellcat-throttle-body-porting  301!
/product/hellcat-supercharger-race-ported-throttle-body/  /shop/hellcat-throttle-body-porting  301!
/product/hellcat-supercharger-street-ported-throttle-body   /shop/hellcat-throttle-body-porting  301!
/product/hellcat-supercharger-street-ported-throttle-body/  /shop/hellcat-throttle-body-porting  301!
/product/hellcat-supercharger-upper-pulley-ring-only   /shop/upper-pulley-ring-only  301!
/product/hellcat-supercharger-upper-pulley-ring-only/  /shop/upper-pulley-ring-only  301!
/product/hellcat-upper-pulley-ring-only  /shop/upper-pulley-ring-only  301!
/product/hellcat-upper-pulley-ring-only/ /shop/upper-pulley-ring-only  301!
/product/hellcat-upper-supercharger-ported-intake-manifold-service   /services/porting  301!
/product/hellcat-upper-supercharger-ported-intake-manifold-service/  /services/porting  301!
/product/hellcat-upper-supercharger-ported-intake-manifold-services  /services/porting  301!
/product/hellcat-upper-supercharger-ported-intake-manifold-services/ /services/porting  301!
/product/hellcat-upper-supercharger-ported-intake-manifolds         /services/porting  301!
/product/hellcat-upper-supercharger-ported-intake-manifolds/        /services/porting  301!
/product/hellcat-supercharger-ported-intake-manifold-service   /services/porting  301!
/product/hellcat-supercharger-ported-intake-manifold-service/  /services/porting  301!
/product/hellcat-supercharger-ported-intake-manifold-services  /services/porting  301!
/product/hellcat-supercharger-ported-intake-manifold-services/ /services/porting  301!
/product/hellcat-supercharger-ported-intake-manifolds         /services/porting  301!
/product/hellcat-supercharger-ported-intake-manifolds/        /services/porting  301!
/product/lt4-ported-intake-manifold     /shop/lsa-ls9-lt4-supercharger-porting  301!
/product/lt4-ported-intake-manifold/    /shop/lsa-ls9-lt4-supercharger-porting  301!
/product/lt4-ported-intake-manifolds    /shop/lsa-ls9-lt4-supercharger-porting  301!
/product/lt4-ported-intake-manifolds/   /shop/lsa-ls9-lt4-supercharger-porting  301!
/product/lt4-supercharger-ported-intake-manifold-service   /shop/lsa-ls9-lt4-supercharger-porting  301!
/product/lt4-supercharger-ported-intake-manifold-service/  /shop/lsa-ls9-lt4-supercharger-porting  301!
/product/lt4-supercharger-ported-intake-manifold-services  /shop/lsa-ls9-lt4-supercharger-porting  301!
/product/lt4-supercharger-ported-intake-manifold-services/ /shop/lsa-ls9-lt4-supercharger-porting  301!
/product/lt4-supercharger-ported-intake-manifolds        /shop/lsa-ls9-lt4-supercharger-porting  301!
/product/lt4-supercharger-ported-intake-manifolds/       /shop/lsa-ls9-lt4-supercharger-porting  301!
/product/lt4-supercharger-snout-porting   /shop/lt4-supercharger-snout-porting  301!
/product/lt4-supercharger-snout-porting/  /shop/lt4-supercharger-snout-porting  301!
/product/lt4-supercharger-snout-porting-6-4l-6-2l   /shop/lt4-supercharger-snout-porting  301!
/product/lt4-supercharger-snout-porting-6-4l-6-2l/  /shop/lt4-supercharger-snout-porting  301!
/product/lt4-supercharger-snout-porting-service-package   /shop/lt4-supercharger-snout-porting  301!
/product/lt4-supercharger-snout-porting-service-package/  /shop/lt4-supercharger-snout-porting  301!
/product/mustang-gt-ported-intake-manifold  /shop/mustang-gt-ported-intake-manifold  301!
/product/mustang-gt-ported-intake-manifold/ /shop/mustang-gt-ported-intake-manifold  301!
/product/mustang-gt-ported-intake-manifolds /shop/mustang-gt-ported-intake-manifold  301!
/product/mustang-gt-ported-intake-manifolds/ /shop/mustang-gt-ported-intake-manifold  301!
/product/mustang-gt-intake-manifold-porting /shop/mustang-gt-intake-manifold-porting  301!
/product/mustang-gt-intake-manifold-porting/ /shop/mustang-gt-intake-manifold-porting  301!
/product/predator-5-2-supercharged-intake-manifold-porting   /services/porting  301!
/product/predator-5-2-supercharged-intake-manifold-porting/  /services/porting  301!
/product/srt-hellcat-billet-supercharger-hub-kit   /shop/pulley-and-hub-kit  301!
/product/srt-hellcat-billet-supercharger-hub-kit/  /shop/pulley-and-hub-kit  301!
/product/srt-hellcat-supercharger-ported-intake-manifold-service   /services/porting  301!
/product/srt-hellcat-supercharger-ported-intake-manifold-service/  /services/porting  301!
/product/srt-hellcat-supercharger-ported-intake-manifold-services  /services/porting  301!
/product/srt-hellcat-supercharger-ported-intake-manifold-services/ /services/porting  301!
/product/srt-hellcat-supercharger-upper-pulley-ring-only   /shop/upper-pulley-ring-only  301!
/product/srt-hellcat-supercharger-upper-pulley-ring-only/  /shop/upper-pulley-ring-only  301!
/product/srt-hellcat-supercharger-upgraded-pulley-ring   /shop/upper-pulley-ring-only  301!
/product/srt-hellcat-supercharger-upgraded-pulley-ring/  /shop/upper-pulley-ring-only  301!
/product/srt-hellcat-supercharger-upgraded-pulley-ring-with-bolt   /shop/pulley-and-hub-kit  301!
/product/srt-hellcat-supercharger-upgraded-pulley-ring-with-bolt/  /shop/pulley-and-hub-kit  301!
/product/srt-hellcat-upper-supercharger-ported-intake-manifold-service   /services/porting  301!
/product/srt-hellcat-upper-supercharger-ported-intake-manifold-service/  /services/porting  301!
/product/srt-hellcat-upper-supercharger-ported-intake-manifold-services  /services/porting  301!
/product/srt-hellcat-upper-supercharger-ported-intake-manifold-services/ /services/porting  301!
/product/srt-hellcat-upper-supercharger-ported-intake-manifolds         /services/porting  301!
/product/srt-hellcat-upper-supercharger-ported-intake-manifolds/        /services/porting  301!
/product/whipple-3-0-ported-intake-manifold-service   /shop/3-0l-whipple-porting-service-hellcat  301!
/product/whipple-3-0-ported-intake-manifold-service/  /shop/3-0l-whipple-porting-service-hellcat  301!
/product/whipple-3-0-ported-intake-manifold-services  /shop/3-0l-whipple-porting-service-hellcat  301!
/product/whipple-3-0-ported-intake-manifold-services/ /shop/3-0l-whipple-porting-service-hellcat  301!
/product/whipple-3-0-ported-intake-manifolds         /shop/3-0l-whipple-porting-service-hellcat  301!
/product/whipple-3-0-ported-intake-manifolds/        /shop/3-0l-whipple-porting-service-hellcat  301!
/product/whipple-3-0-supercharger-ported-intake-manifold-service   /shop/3-0l-whipple-porting-service-hellcat  301!
/product/whipple-3-0-supercharger-ported-intake-manifold-service/  /shop/3-0l-whipple-porting-service-hellcat  301!
/product/whipple-3-0-supercharger-ported-intake-manifold-services  /shop/3-0l-whipple-porting-service-hellcat  301!
/product/whipple-3-0-supercharger-ported-intake-manifold-services/ /shop/3-0l-whipple-porting-service-hellcat  301!
/product/whipple-3-0-supercharger-ported-intake-manifolds         /shop/3-0l-whipple-porting-service-hellcat  301!
/product/whipple-3-0-supercharger-ported-intake-manifolds/        /shop/3-0l-whipple-porting-service-hellcat  301!
/product/whipple-ported-supercharger-intake-manifold-service   /shop/3-0l-whipple-porting-service-hellcat  301!
/product/whipple-ported-supercharger-intake-manifold-service/  /shop/3-0l-whipple-porting-service-hellcat  301!
/product/whipple-ported-supercharger-intake-manifold-services  /shop/3-0l-whipple-porting-service-hellcat  301!
/product/whipple-ported-supercharger-intake-manifold-services/ /shop/3-0l-whipple-porting-service-hellcat  301!
/product/:slug                     /shop/:slug  301!
/product/:slug/                    /shop/:slug  301!
/products/:slug                    /shop/:slug  301!
/products/:slug/                   /shop/:slug  301!
/product-category/:category        /shop?categorySlug=:category  301!
/product-category/:category/       /shop?categorySlug=:category  301!
/product-category/:category/:slug          /shop/:slug  301!
/product-category/:category/:slug/         /shop/:slug  301!
/product-category/:category/:subcategory/:slug   /shop/:slug  301!
/product-category/:category/:subcategory/:slug/  /shop/:slug  301!
/shop/product/:slug                /shop/:slug  301!
/shop/product/:slug/               /shop/:slug  301!

# Trailing slash canonicalization for key static content
/warranty/                         /warranty  301!

# WooCommerce filter URL structures → generic shop landing with preserved filters where possible
/shop/filters/platform/:platform/product_cat/:category/*   /shop?platform=:platform&categorySlug=:category  301!
/shop/filters/platform/:platform/*                        /shop?platform=:platform  301!
/shop/filters/*                                           /shop  301!

# Catch-all for the old WooCommerce cart/account endpoints
/my-account/*                      /account  301!
/checkout/success                  /checkout/success  200
/checkout/cancel                   /checkout/cancel  200
/checkout/*                        /cart  301!
/cart/*                            /cart  301!
